{"cameraMode":{"drawMode":0,"name":"Shaded","section":"Shading Mode"},"sceneLighting":true,"audioPlay":false,"sceneViewState":{"showFog":true,"showMaterialUpdate":false,"showSkybox":true,"showFlares":true,"showImageEffects":true,"showParticleSystems":true},"in2DMode":false,"pivot":{"x":-9.61117935180664,"y":-0.3813645839691162,"z":2.3839035034179689},"rotation":{"x":-0.25813767313957217,"y":-0.2647301256656647,"z":0.07378250360488892,"w":-0.9261964559555054},"size":4.283028602600098,"orthographic":false}